nps_inches,outside_diameter_mm,schedule,wall_thickness_mm,inside_diameter_mm,weight_kg_m,design_pressure_bar_300c,corrosion_allowance_mm
1/2,21.3,40,2.77,15.76,1.27,185.2,1.5
1/2,21.3,80,3.73,13.84,1.62,261.4,1.5
3/4,26.7,40,2.87,20.96,1.69,152.8,1.5
3/4,26.7,80,3.91,18.88,2.2,218.6,1.5
1,33.4,40,3.38,26.64,2.5,144.3,1.5
1,33.4,80,4.55,24.3,3.24,201.8,1.5
2,60.3,40,3.91,52.48,5.44,92.5,2.0
2,60.3,80,5.54,49.22,7.48,136.2,2.0
2,60.3,160,8.74,42.82,11.11,226.5,2.0
3,88.9,40,5.49,77.92,11.3,88.2,2.0
3,88.9,80,7.62,73.66,15.27,126.3,2.0
4,114.3,40,6.02,102.26,16.07,75.3,3.0
4,114.3,80,8.56,97.18,22.32,110.1,3.0
4,114.3,160,13.49,87.32,33.54,182.4,3.0
6,168.3,40,7.11,154.08,28.26,60.4,3.0
6,168.3,80,10.97,146.36,42.56,95.8,3.0
8,219.1,40,8.18,202.74,42.55,53.2,3.0
8,219.1,80,12.7,193.7,64.64,84.7,3.0
10,273.0,40,9.27,254.46,60.31,48.4,3.0
10,273.0,80,15.09,242.82,95.97,80.5,3.0
12,323.8,STD,9.53,304.74,73.81,41.9,3.0
12,323.8,40,10.31,303.18,79.73,45.4,3.0
12,323.8,80,17.48,288.84,132.04,78.8,3.0
16,406.4,40,12.7,381.0,123.3,44.5,3.0
20,508.0,40,15.09,477.82,183.42,42.3,3.0
24,609.6,40,17.48,574.64,255.41,40.8,3.0
