Month,Financial_Year,Indigenous_Crude_TMT,Imported_Crude_TMT,Total_Crude_Processed_TMT,PPAC_Target_TMT,Capacity_Utilization_Pct,Operating_Days,Source
April 2025,2025-26,212.4,985.6,1198.0,1250.0,95.8,30,PPAC Monthly Report (MoPNG Govt of India)
May 2025,2025-26,198.2,1045.1,1243.3,1250.0,99.5,31,PPAC Monthly Report (MoPNG Govt of India)
June 2025,2025-26,245.8,1182.4,1428.2,1280.0,114.3,30,PPAC Monthly Report (MoPNG Govt of India)
July 2025,2025-26,252.1,1210.5,1462.6,1280.0,117.0,31,PPAC Monthly Report (MoPNG Govt of India)
August 2025,2025-26,238.6,1194.8,1433.4,1280.0,114.7,31,PPAC Monthly Report (MoPNG Govt of India)
September 2025,2025-26,241.0,1178.2,1419.2,1260.0,113.5,30,PPAC Monthly Report (MoPNG Govt of India)
October 2025,2025-26,260.5,1248.9,1509.4,1290.0,120.8,31,PPAC Monthly Report (MoPNG Govt of India)
November 2025,2025-26,248.3,1221.7,1470.0,1270.0,117.6,30,PPAC Monthly Report (MoPNG Govt of India)
December 2025,2025-26,265.4,1262.1,1527.5,1290.0,122.2,31,PPAC Monthly Report (MoPNG Govt of India)
January 2026,2025-26,258.9,1245.3,1504.2,1290.0,120.3,31,PPAC Monthly Report (MoPNG Govt of India)
February 2026,2025-26,235.1,1142.6,1377.7,1210.0,110.2,28,PPAC Monthly Report (MoPNG Govt of India)
March 2026,2025-26,275.2,1425.3,1700.5,1350.0,136.0,31,PPAC Monthly Report (MoPNG Govt of India)
April 2026,2026-27,249.0,1218.4,1467.4,1280.0,117.4,30,PPAC Ready Reckoner (MoPNG Govt of India)
May 2026,2026-27,255.4,1235.8,1491.2,1280.0,119.3,31,PPAC Ready Reckoner (MoPNG Govt of India)
June 2026,2026-27,251.8,1224.2,1476.0,1280.0,118.1,30,PPAC Ready Reckoner (MoPNG Govt of India)
July 2026,2026-27,258.2,1240.1,1498.3,1280.0,119.9,31,PPAC Ready Reckoner (MoPNG Govt of India)
