part_number,description,oem_manufacturer,equipment_tag,material_spec,bin_location,unit_cost_inr,stock_on_hand,min_reorder_point,lead_time_days
FSH-ET-2-300,Control Valve Globe 2-inch CL300,Fisher Emerson,FV-CDU-104,ASTM A216 WCC / 316 Trim,BAY-A-04,385000,2,4,45
FSH-ED-6-600,Balanced Plug Control Valve 6-inch CL600,Fisher Emerson,PV-CDU-201,ASTM A217 WC9 / Stellite,BAY-A-08,850000,1,2,60
JC-5620-65,Dual Cartridge Mechanical Seal 65mm,John Crane,P-101A/B,Silicon Carbide / Kalrez,BIN-S-12,245000,3,6,30
JC-8648-80,High Temp Metal Bellows Seal 80mm,John Crane,P-CDU-BOTTOM,Inconel 718 / Carbon,BIN-S-18,410000,2,4,40
FSV-DURCO-3K,Centrifugal Pump Impeller Size 3K,Flowserve,P-107B,ASTM A890 CD4MCuN Duplex,BAY-P-02,185000,2,3,25
CRSB-JOS-4L6,Spring Loaded Relief Valve 4L6 CL300,Crosby Emerson,PSV-TK-104,Carbon Steel / 316 Nozzle,BAY-V-11,320000,1,3,35
SPX-TD52-M,Thermo-Dynamic Steam Trap 1/2-inch,Spirax Sarco,ST-HP-HEADER,Forged Steel / Stainless Disc,BIN-T-05,14500,18,40,14
FLG-WN-12-300,Weld Neck Flange 12-inch CL300 RF,L&T Valves,CDU-FEED-LINE,ASTM A105 Carbon Steel,RACK-F-07,42000,6,12,20
GSK-SPW-12-300,Spiral Wound Gasket 12-inch CL300,Flexitallic,FLG-12-300,316L Windings / FG Filler,BIN-G-22,3800,14,50,7
INC-625-WELD-ROD,Inconel 625 TIG Welding Wire 2.4mm,Special Metals,CDU-COL-04-REPAIR,ERNiCrMo-3,VAULT-M-01,6800,12,50,15
