Product_Category,Product_Name,Specification,Monthly_Production_TMT,Annual_Production_TMT,Domestic_Dispatches_TMT,Export_TMT,Primary_Dispatch_Mode,Source
Middle Distillates,High Speed Diesel (HSD),BS-VI (Sulfur < 10 ppm),615.4,7384.8,6150.0,1234.8,Pipeline (PMHBL) & Coastal Tanker,PPAC Industry Product Slate (MoPNG)
Light Distillates,Motor Spirit (MS / Petrol),BS-VI (91 RON / 95 RON),182.5,2190.0,1890.0,300.0,Coastal Jetty Berth 8 & Road Gantry,PPAC Industry Product Slate (MoPNG)
Middle Distillates,Aviation Turbine Fuel (ATF),IS 1571 / Jet A-1 DEF STAN 91-091,124.8,1497.6,1120.0,377.6,Dedicated Pipeline to Mangalore Airport & Rail,PPAC Industry Product Slate (MoPNG)
Light Distillates,Liquefied Petroleum Gas (LPG),IS 4576 Domestic Grade,84.2,1010.4,1010.4,0.0,Pressurized Mounded Bullets & Road Tankers,PPAC Industry Product Slate (MoPNG)
Petrochemicals,Polypropylene (PP),Homopolymer / Impact Copolymer (440 KTPA Plant),36.5,438.0,380.0,58.0,Polymer Bagging Plant & Rail Freight,PPAC Industry Product Slate (MoPNG)
Light Distillates,Petrochemical Naphtha,Aromatics Reformer Feedstock,98.2,1178.4,1178.4,0.0,Direct Pipeline to Aromatics Complex (OMPL),PPAC Industry Product Slate (MoPNG)
Heavy Ends,Bitumen / Asphalt,VG-30 / VG-40 Paving Grade (IS 73),72.0,864.0,864.0,0.0,Heated Bulk Tankers & Drum Filling Unit,PPAC Industry Product Slate (MoPNG)
Heavy Ends,Furnace Oil / Low Sulfur VGO,IS 1593 Grade FO / Bunker Fuel,88.4,1060.8,720.0,340.8,New Mangalore Port Trust (NMPT) Coastal Bunkering,PPAC Industry Product Slate (MoPNG)
By-Products,Elemental Sulfur,99.9% Bright Yellow Pellets (Claus SRU),18.6,223.2,223.2,0.0,Bulk Wagon Loading for Fertilizer Plants,PPAC Industry Product Slate (MoPNG)
